request_id,send_time,response_time,latency_ms,success,status_code,response_payload
client0-req0-f7e9069a,63971.082929541,63971.215535416,132.6015840022592,True,SUCCESS,"{'data': 'Response from worker-0 to request client0-req0-f7e9069a', 'original_request_id': 'client0-req0-f7e9069a', 'worker_id': 'worker-0', 'worker_processing_time_ms': 127.78270799753955}"
client0-req1-f2f9c08a,63971.267606625,63971.765517041,497.9032080009347,True,SUCCESS,"{'data': 'Response from worker-2 to request client0-req1-f2f9c08a', 'original_request_id': 'client0-req1-f2f9c08a', 'worker_id': 'worker-2', 'worker_processing_time_ms': 160.42779199779034}"
client0-req2-5584aa33,63971.81629075,63972.299028791,482.73499999777414,True,SUCCESS,"{'data': 'Response from worker-2 to request client0-req2-5584aa33', 'original_request_id': 'client0-req2-5584aa33', 'worker_id': 'worker-2', 'worker_processing_time_ms': 146.1254580062814}"
client0-req3-aead91f2,63972.34996225,63972.627366666,277.4026659972151,True,SUCCESS,"{'data': 'Response from worker-1 to request client0-req3-aead91f2', 'original_request_id': 'client0-req3-aead91f2', 'worker_id': 'worker-1', 'worker_processing_time_ms': 142.11204199818894}"
client0-req4-7b39b950,63972.6786655,63972.865234583,186.56716599798528,True,SUCCESS,"{'data': 'Response from worker-0 to request client0-req4-7b39b950', 'original_request_id': 'client0-req4-7b39b950', 'worker_id': 'worker-0', 'worker_processing_time_ms': 147.16641600534786}"
client0-req5-ed211447,63972.916299333,63973.810881916,894.5785420000902,True,SUCCESS,"{'data': 'Response from worker-2 to request client0-req5-ed211447', 'original_request_id': 'client0-req5-ed211447', 'worker_id': 'worker-2', 'worker_processing_time_ms': 228.92108299856773}"
client0-req6-3eb77873,63973.862455291,63973.922945791,60.487042006570846,True,SUCCESS,"{'data': 'Response from worker-0 to request client0-req6-3eb77873', 'original_request_id': 'client0-req6-3eb77873', 'worker_id': 'worker-0', 'worker_processing_time_ms': 57.586208000429906}"
client0-req7-03496a87,63973.974646833,63974.968205958,993.5572920003324,True,SUCCESS,"{'data': 'Response from worker-2 to request client0-req7-03496a87', 'original_request_id': 'client0-req7-03496a87', 'worker_id': 'worker-2', 'worker_processing_time_ms': 63.220125004590955}"
client0-req8-d0ef6b9f,63975.019308333,63975.074398958,55.08787500002654,True,SUCCESS,"{'data': 'Response from worker-0 to request client0-req8-d0ef6b9f', 'original_request_id': 'client0-req8-d0ef6b9f', 'worker_id': 'worker-0', 'worker_processing_time_ms': 53.98529100057203}"
client0-req9-f526d554,63975.125567291,63975.274414875,148.84441700269235,True,SUCCESS,"{'data': 'Response from worker-0 to request client0-req9-f526d554', 'original_request_id': 'client0-req9-f526d554', 'worker_id': 'worker-0', 'worker_processing_time_ms': 147.49591700092424}"
client0-req10-b867a615,63975.3258005,63975.431724375,105.91708299762104,True,SUCCESS,"{'data': 'Response from worker-0 to request client0-req10-b867a615', 'original_request_id': 'client0-req10-b867a615', 'worker_id': 'worker-0', 'worker_processing_time_ms': 103.27033300563926}"
client0-req11-e93f15e2,63975.482871875,63975.627312583,144.435665999481,True,SUCCESS,"{'data': 'Response from worker-1 to request client0-req11-e93f15e2', 'original_request_id': 'client0-req11-e93f15e2', 'worker_id': 'worker-1', 'worker_processing_time_ms': 142.10537499457132}"
client0-req12-9f11cddf,63975.67748875,63976.905776125,1228.2819579995703,True,SUCCESS,"{'data': 'Response from worker-2 to request client0-req12-9f11cddf', 'original_request_id': 'client0-req12-9f11cddf', 'worker_id': 'worker-2', 'worker_processing_time_ms': 96.07854099886026}"
client0-req13-e9cdbd84,63976.957252583,63977.044898708,87.64325000083772,True,SUCCESS,"{'data': 'Response from worker-1 to request client0-req13-e9cdbd84', 'original_request_id': 'client0-req13-e9cdbd84', 'worker_id': 'worker-1', 'worker_processing_time_ms': 77.52233400242403}"
client0-req14-1e5b3818,63977.095648791,63978.258442,1162.790166999912,True,SUCCESS,"{'data': 'Response from worker-2 to request client0-req14-1e5b3818', 'original_request_id': 'client0-req14-1e5b3818', 'worker_id': 'worker-2', 'worker_processing_time_ms': 106.93937500036554}"
client0-req15-c088a8ad,63978.309078583,63979.247224958,938.1443750025937,True,SUCCESS,"{'data': 'Response from worker-2 to request client0-req15-c088a8ad', 'original_request_id': 'client0-req15-c088a8ad', 'worker_id': 'worker-2', 'worker_processing_time_ms': 236.47587500454392}"
client0-req16-e26402fc,63979.298302416,63979.372569875,74.26525000482798,True,SUCCESS,"{'data': 'Response from worker-0 to request client0-req16-e26402fc', 'original_request_id': 'client0-req16-e26402fc', 'worker_id': 'worker-0', 'worker_processing_time_ms': 73.34216700110119}"
client0-req17-2c104a95,63979.42364175,63979.46983,46.18645799928345,True,SUCCESS,"{'data': 'Response from worker-0 to request client0-req17-2c104a95', 'original_request_id': 'client0-req17-2c104a95', 'worker_id': 'worker-0', 'worker_processing_time_ms': 45.169582997914404}"
client0-req18-cd47af47,63979.520414125,63979.564796916,44.3790830031503,True,SUCCESS,"{'data': 'Response from worker-0 to request client0-req18-cd47af47', 'original_request_id': 'client0-req18-cd47af47', 'worker_id': 'worker-0', 'worker_processing_time_ms': 43.03170800267253}"
client0-req19-8c6a6b05,63979.616281333,63980.466042583,849.7575419969507,True,SUCCESS,"{'data': 'Response from worker-2 to request client0-req19-8c6a6b05', 'original_request_id': 'client0-req19-8c6a6b05', 'worker_id': 'worker-2', 'worker_processing_time_ms': 67.33329100097762}"
client1-req0-47a149fe,63971.084049833,63971.164067416,80.01337500172667,True,SUCCESS,"{'data': 'Response from worker-1 to request client1-req0-47a149fe', 'original_request_id': 'client1-req0-47a149fe', 'worker_id': 'worker-1', 'worker_processing_time_ms': 75.92708299489459}"
client1-req1-cd012a88,63971.214781958,63971.640587625,425.8010000048671,True,SUCCESS,"{'data': 'Response from worker-1 to request client1-req1-cd012a88', 'original_request_id': 'client1-req1-cd012a88', 'worker_id': 'worker-1', 'worker_processing_time_ms': 168.08604200195987}"
client1-req2-7f3c686f,63971.691731875,63972.152857708,461.122125001566,True,SUCCESS,"{'data': 'Response from worker-2 to request client1-req2-7f3c686f', 'original_request_id': 'client1-req2-7f3c686f', 'worker_id': 'worker-2', 'worker_processing_time_ms': 61.66308300453238}"
client1-req3-5258b7f8,63972.2040815,63972.485331916,281.243874997017,True,SUCCESS,"{'data': 'Response from worker-1 to request client1-req3-5258b7f8', 'original_request_id': 'client1-req3-5258b7f8', 'worker_id': 'worker-1', 'worker_processing_time_ms': 84.74629199918127}"
client1-req4-4cc37892,63972.536530166,63972.718083666,181.55120900337351,True,SUCCESS,"{'data': 'Response from worker-0 to request client1-req4-4cc37892', 'original_request_id': 'client1-req4-4cc37892', 'worker_id': 'worker-0', 'worker_processing_time_ms': 108.06416700506816}"
client1-req5-6aabb16a,63972.768467125,63973.580000833,811.5312079971773,True,SUCCESS,"{'data': 'Response from worker-2 to request client1-req5-6aabb16a', 'original_request_id': 'client1-req5-6aabb16a', 'worker_id': 'worker-2', 'worker_processing_time_ms': 69.62395799928345}"
client1-req6-6e20f9c2,63973.630431541,63974.80400575,1173.5708749984042,True,SUCCESS,"{'data': 'Response from worker-2 to request client1-req6-6e20f9c2', 'original_request_id': 'client1-req6-6e20f9c2', 'worker_id': 'worker-2', 'worker_processing_time_ms': 196.17429099889705}"
client1-req7-6a97f2bf,63974.854621458,63975.888169041,1033.5444170050323,True,SUCCESS,"{'data': 'Response from worker-2 to request client1-req7-6a97f2bf', 'original_request_id': 'client1-req7-6a97f2bf', 'worker_id': 'worker-2', 'worker_processing_time_ms': 126.1808330018539}"
client1-req8-ef1b647b,63975.938879083,63976.116983875,178.0960000032792,True,SUCCESS,"{'data': 'Response from worker-1 to request client1-req8-ef1b647b', 'original_request_id': 'client1-req8-ef1b647b', 'worker_id': 'worker-1', 'worker_processing_time_ms': 175.4422500016517}"
client1-req9-243f7302,63976.168521541,63977.369621458,1201.0980419945554,True,SUCCESS,"{'data': 'Response from worker-2 to request client1-req9-243f7302', 'original_request_id': 'client1-req9-243f7302', 'worker_id': 'worker-2', 'worker_processing_time_ms': 203.09716700285207}"
client1-req10-9cc45d6f,63977.419994541,63978.582264458,1162.26170900336,True,SUCCESS,"{'data': 'Response from worker-2 to request client1-req10-9cc45d6f', 'original_request_id': 'client1-req10-9cc45d6f', 'worker_id': 'worker-2', 'worker_processing_time_ms': 238.67729100311408}"
client1-req11-88b6d0b6,63978.633358125,63978.691380958,58.01879100181395,True,SUCCESS,"{'data': 'Response from worker-1 to request client1-req11-88b6d0b6', 'original_request_id': 'client1-req11-88b6d0b6', 'worker_id': 'worker-1', 'worker_processing_time_ms': 51.82054200122366}"
client1-req12-667fdf33,63978.742703666,63979.725541708,982.8317499996047,True,SUCCESS,"{'data': 'Response from worker-2 to request client1-req12-667fdf33', 'original_request_id': 'client1-req12-667fdf33', 'worker_id': 'worker-2', 'worker_processing_time_ms': 204.07937499840045}"
client1-req13-fc928323,63979.776823208,63979.8507965,73.96929200331215,True,SUCCESS,"{'data': 'Response from worker-1 to request client1-req13-fc928323', 'original_request_id': 'client1-req13-fc928323', 'worker_id': 'worker-1', 'worker_processing_time_ms': 72.12224999966566}"
client1-req14-6a58289a,63979.902354041,63980.614540458,712.175542001205,True,SUCCESS,"{'data': 'Response from worker-2 to request client1-req14-6a58289a', 'original_request_id': 'client1-req14-6a58289a', 'worker_id': 'worker-2', 'worker_processing_time_ms': 147.53170799667714}"
client1-req15-086df972,63980.665959583,63980.757450083,91.48795800138032,True,SUCCESS,"{'data': 'Response from worker-0 to request client1-req15-086df972', 'original_request_id': 'client1-req15-086df972', 'worker_id': 'worker-0', 'worker_processing_time_ms': 87.28154200071003}"
client1-req16-db7f33d4,63980.808672666,63981.012919875,204.23679200030165,True,SUCCESS,"{'data': 'Response from worker-1 to request client1-req16-db7f33d4', 'original_request_id': 'client1-req16-db7f33d4', 'worker_id': 'worker-1', 'worker_processing_time_ms': 200.59695900272345}"
client1-req17-2684dc38,63981.063857666,63981.159460708,95.59154199814657,True,SUCCESS,"{'data': 'Response from worker-2 to request client1-req17-2684dc38', 'original_request_id': 'client1-req17-2684dc38', 'worker_id': 'worker-2', 'worker_processing_time_ms': 91.85908300423762}"
client1-req18-67400583,63981.210831041,63981.316845125,106.00533400429413,True,SUCCESS,"{'data': 'Response from worker-0 to request client1-req18-67400583', 'original_request_id': 'client1-req18-67400583', 'worker_id': 'worker-0', 'worker_processing_time_ms': 103.04529200220713}"
client1-req19-88c1abfb,63981.368059666,63981.535662375,167.5982090018806,True,SUCCESS,"{'data': 'Response from worker-1 to request client1-req19-88c1abfb', 'original_request_id': 'client1-req19-88c1abfb', 'worker_id': 'worker-1', 'worker_processing_time_ms': 166.2316669971915}"
client2-req0-cb862451,63971.084326416,63971.298016166,213.68604199960828,True,SUCCESS,"{'data': 'Response from worker-2 to request client2-req0-cb862451', 'original_request_id': 'client2-req0-cb862451', 'worker_id': 'worker-2', 'worker_processing_time_ms': 210.3812499990454}"
client2-req1-4b1aa828,63971.350013791,63971.727988333,377.9710000017076,True,SUCCESS,"{'data': 'Response from worker-0 to request client2-req1-4b1aa828', 'original_request_id': 'client2-req1-4b1aa828', 'worker_id': 'worker-0', 'worker_processing_time_ms': 98.56829100317555}"
client2-req2-02b4ae17,63971.779199,63972.031146541,251.94529100554064,True,SUCCESS,"{'data': 'Response from worker-1 to request client2-req2-02b4ae17', 'original_request_id': 'client2-req2-02b4ae17', 'worker_id': 'worker-1', 'worker_processing_time_ms': 50.807500003429595}"
client2-req3-672f5783,63972.081673625,63972.400314625,318.63829099893337,True,SUCCESS,"{'data': 'Response from worker-1 to request client2-req3-672f5783', 'original_request_id': 'client2-req3-672f5783', 'worker_id': 'worker-1', 'worker_processing_time_ms': 126.01400000130525}"
client2-req4-8c9f726d,63972.451445708,63972.609885791,158.43650000169873,True,SUCCESS,"{'data': 'Response from worker-0 to request client2-req4-8c9f726d', 'original_request_id': 'client2-req4-8c9f726d', 'worker_id': 'worker-0', 'worker_processing_time_ms': 118.55520799872465}"
client2-req5-5cc3d5c3,63972.660978666,63973.51080275,849.818624999898,True,SUCCESS,"{'data': 'Response from worker-2 to request client2-req5-5cc3d5c3', 'original_request_id': 'client2-req5-5cc3d5c3', 'worker_id': 'worker-2', 'worker_processing_time_ms': 150.00995800073724}"
client2-req6-6fb6f5f3,63973.562026333,63974.608447333,1046.4154580040486,True,SUCCESS,"{'data': 'Response from worker-2 to request client2-req6-6fb6f5f3', 'original_request_id': 'client2-req6-6fb6f5f3', 'worker_id': 'worker-2', 'worker_processing_time_ms': 150.2811250029481}"
client2-req7-bc833458,63974.659954958,63974.718646625,58.687707998615224,True,SUCCESS,"{'data': 'Response from worker-1 to request client2-req7-bc833458', 'original_request_id': 'client2-req7-bc833458', 'worker_id': 'worker-1', 'worker_processing_time_ms': 55.45062499732012}"
client2-req8-ee714c13,63974.770110708,63974.849837333,79.72308299940778,True,SUCCESS,"{'data': 'Response from worker-0 to request client2-req8-ee714c13', 'original_request_id': 'client2-req8-ee714c13', 'worker_id': 'worker-0', 'worker_processing_time_ms': 77.22004099923652}"
client2-req9-bb3388a1,63974.900163083,63975.003388208,103.22316699603107,True,SUCCESS,"{'data': 'Response from worker-0 to request client2-req9-bb3388a1', 'original_request_id': 'client2-req9-bb3388a1', 'worker_id': 'worker-0', 'worker_processing_time_ms': 102.20445800223388}"
client2-req10-e36212ca,63975.054493291,63975.1956595,141.16154200019082,True,SUCCESS,"{'data': 'Response from worker-1 to request client2-req10-e36212ca', 'original_request_id': 'client2-req10-e36212ca', 'worker_id': 'worker-1', 'worker_processing_time_ms': 139.90704199386528}"
client2-req11-fce47a33,63975.247110333,63975.36379125,116.67674999625888,True,SUCCESS,"{'data': 'Response from worker-1 to request client2-req11-fce47a33', 'original_request_id': 'client2-req11-fce47a33', 'worker_id': 'worker-1', 'worker_processing_time_ms': 113.85045800125226}"
client2-req12-f91ce068,63975.415277083,63976.614753125,1199.4692080043023,True,SUCCESS,"{'data': 'Response from worker-2 to request client2-req12-f91ce068', 'original_request_id': 'client2-req12-f91ce068', 'worker_id': 'worker-2', 'worker_processing_time_ms': 211.47929199651117}"
client2-req13-9bc308ee,63976.665334833,63977.8718675,1206.528333001188,True,SUCCESS,"{'data': 'Response from worker-2 to request client2-req13-9bc308ee', 'original_request_id': 'client2-req13-9bc308ee', 'worker_id': 'worker-2', 'worker_processing_time_ms': 174.32249999546912}"
client2-req14-4f6c6911,63977.923536458,63978.069600333,146.0518329986371,True,SUCCESS,"{'data': 'Response from worker-1 to request client2-req14-4f6c6911', 'original_request_id': 'client2-req14-4f6c6911', 'worker_id': 'worker-1', 'worker_processing_time_ms': 142.61895899835508}"
client2-req15-7f845b46,63978.120924666,63978.240932666,120.00129200168885,True,SUCCESS,"{'data': 'Response from worker-1 to request client2-req15-7f845b46', 'original_request_id': 'client2-req15-7f845b46', 'worker_id': 'worker-1', 'worker_processing_time_ms': 118.24237499968149}"
client2-req16-18781d0e,63978.292440416,63978.492497791,200.0493750019814,True,SUCCESS,"{'data': 'Response from worker-1 to request client2-req16-18781d0e', 'original_request_id': 'client2-req16-18781d0e', 'worker_id': 'worker-1', 'worker_processing_time_ms': 196.05574999877717}"
client2-req17-e7e7c7bb,63978.544089583,63978.596735541,52.638082997873425,True,SUCCESS,"{'data': 'Response from worker-0 to request client2-req17-e7e7c7bb', 'original_request_id': 'client2-req17-e7e7c7bb', 'worker_id': 'worker-0', 'worker_processing_time_ms': 48.79004200483905}"
client2-req18-aecb7dad,63978.647908291,63979.521156625,873.2454589990084,True,SUCCESS,"{'data': 'Response from worker-2 to request client2-req18-aecb7dad', 'original_request_id': 'client2-req18-aecb7dad', 'worker_id': 'worker-2', 'worker_processing_time_ms': 65.00775000313297}"
client2-req19-9f1655e2,63979.572072208,63979.763147208,191.06704199657543,True,SUCCESS,"{'data': 'Response from worker-1 to request client2-req19-9f1655e2', 'original_request_id': 'client2-req19-9f1655e2', 'worker_id': 'worker-1', 'worker_processing_time_ms': 107.12541700195288}"
client3-req0-4096eae9,63971.084448041,63971.365610041,281.1571249985718,True,SUCCESS,"{'data': 'Response from worker-0 to request client3-req0-4096eae9', 'original_request_id': 'client3-req0-4096eae9', 'worker_id': 'worker-0', 'worker_processing_time_ms': 149.98449999984587}"
client3-req1-13531c59,63971.416902541,63971.707974541,291.06912499992177,True,SUCCESS,"{'data': 'Response from worker-1 to request client3-req1-13531c59', 'original_request_id': 'client3-req1-13531c59', 'worker_id': 'worker-1', 'worker_processing_time_ms': 67.3107910042745}"
client3-req2-89d16111,63971.759365375,63971.944575958,185.20683299720986,True,SUCCESS,"{'data': 'Response from worker-0 to request client3-req2-89d16111', 'original_request_id': 'client3-req2-89d16111', 'worker_id': 'worker-0', 'worker_processing_time_ms': 92.84574999765027}"
client3-req3-7f1c3ecd,63971.995843208,63972.164972,169.12529199908022,True,SUCCESS,"{'data': 'Response from worker-0 to request client3-req3-7f1c3ecd', 'original_request_id': 'client3-req3-7f1c3ecd', 'worker_id': 'worker-0', 'worker_processing_time_ms': 135.28100000257837}"
client3-req4-843a8609,63972.216092,63973.008831458,792.735666000226,True,SUCCESS,"{'data': 'Response from worker-2 to request client3-req4-843a8609', 'original_request_id': 'client3-req4-843a8609', 'worker_id': 'worker-2', 'worker_processing_time_ms': 215.65862499846844}"
client3-req5-2067328b,63973.0613085,63973.1679085,106.5958330000285,True,SUCCESS,"{'data': 'Response from worker-0 to request client3-req5-2067328b', 'original_request_id': 'client3-req5-2067328b', 'worker_id': 'worker-0', 'worker_processing_time_ms': 65.74929199996404}"
client3-req6-ef585193,63973.218129833,63973.412472375,194.33966699580196,True,SUCCESS,"{'data': 'Response from worker-1 to request client3-req6-ef585193', 'original_request_id': 'client3-req6-ef585193', 'worker_id': 'worker-1', 'worker_processing_time_ms': 73.80499999999302}"
client3-req7-d19eab58,63973.463687708,63973.535333416,71.64154200290795,True,SUCCESS,"{'data': 'Response from worker-0 to request client3-req7-d19eab58', 'original_request_id': 'client3-req7-d19eab58', 'worker_id': 'worker-0', 'worker_processing_time_ms': 43.06350000115344}"
client3-req8-1936947e,63973.586179625,63973.674980375,88.79704099672381,True,SUCCESS,"{'data': 'Response from worker-0 to request client3-req8-1936947e', 'original_request_id': 'client3-req8-1936947e', 'worker_id': 'worker-0', 'worker_processing_time_ms': 87.25479200074915}"
client3-req9-7d1d720f,63973.726440916,63974.0136115,287.1559170016553,True,SUCCESS,"{'data': 'Response from worker-1 to request client3-req9-7d1d720f', 'original_request_id': 'client3-req9-7d1d720f', 'worker_id': 'worker-1', 'worker_processing_time_ms': 188.80424999952083}"
client3-req10-1917b0c2,63974.064643208,63974.169626333,104.97949999989942,True,SUCCESS,"{'data': 'Response from worker-1 to request client3-req10-1917b0c2', 'original_request_id': 'client3-req10-1917b0c2', 'worker_id': 'worker-1', 'worker_processing_time_ms': 97.856333006348}"
client3-req11-5f279c45,63974.22101475,63975.298720458,1077.7022909969673,True,SUCCESS,"{'data': 'Response from worker-2 to request client3-req11-5f279c45', 'original_request_id': 'client3-req11-5f279c45', 'worker_id': 'worker-2', 'worker_processing_time_ms': 91.61541699722875}"
client3-req12-817194a5,63975.350022708,63975.417946583,67.92058300197823,True,SUCCESS,"{'data': 'Response from worker-1 to request client3-req12-817194a5', 'original_request_id': 'client3-req12-817194a5', 'worker_id': 'worker-1', 'worker_processing_time_ms': 53.94299999898067}"
client3-req13-f45413c0,63975.469332416,63975.5912655,121.92783399950713,True,SUCCESS,"{'data': 'Response from worker-0 to request client3-req13-f45413c0', 'original_request_id': 'client3-req13-f45413c0', 'worker_id': 'worker-0', 'worker_processing_time_ms': 119.08962500456255}"
client3-req14-436eac3f,63975.642036208,63975.79622925,154.1909579973435,True,SUCCESS,"{'data': 'Response from worker-0 to request client3-req14-436eac3f', 'original_request_id': 'client3-req14-436eac3f', 'worker_id': 'worker-0', 'worker_processing_time_ms': 151.7859590021544}"
client3-req15-f2b4b58d,63975.847500791,63976.991322708,1143.8191249981173,True,SUCCESS,"{'data': 'Response from worker-2 to request client3-req15-f2b4b58d', 'original_request_id': 'client3-req15-f2b4b58d', 'worker_id': 'worker-2', 'worker_processing_time_ms': 85.7412920013303}"
client3-req16-8f8faccd,63977.042296458,63977.231938,189.64012499782257,True,SUCCESS,"{'data': 'Response from worker-1 to request client3-req16-8f8faccd', 'original_request_id': 'client3-req16-8f8faccd', 'worker_id': 'worker-1', 'worker_processing_time_ms': 187.18775000161259}"
client3-req17-22663dbf,63977.282075791,63977.413956541,131.87749999633525,True,SUCCESS,"{'data': 'Response from worker-0 to request client3-req17-22663dbf', 'original_request_id': 'client3-req17-22663dbf', 'worker_id': 'worker-0', 'worker_processing_time_ms': 130.72283400106244}"
client3-req18-5a66c5c5,63977.465130625,63977.511256875,46.121957995637786,True,SUCCESS,"{'data': 'Response from worker-0 to request client3-req18-5a66c5c5', 'original_request_id': 'client3-req18-5a66c5c5', 'worker_id': 'worker-0', 'worker_processing_time_ms': 44.633500001509674}"
client3-req19-f503f27b,63977.562591041,63977.749906958,187.3062500017113,True,SUCCESS,"{'data': 'Response from worker-1 to request client3-req19-f503f27b', 'original_request_id': 'client3-req19-f503f27b', 'worker_id': 'worker-1', 'worker_processing_time_ms': 183.29091699706623}"
client4-req0-2eff4111,63971.08455325,63971.365632541,281.0776249971241,True,SUCCESS,"{'data': 'Response from worker-1 to request client4-req0-2eff4111', 'original_request_id': 'client4-req0-2eff4111', 'worker_id': 'worker-1', 'worker_processing_time_ms': 201.49625000340166}"
client4-req1-d7c5f97d,63971.417130833,63971.997510708,580.3755000015371,True,SUCCESS,"{'data': 'Response from worker-2 to request client4-req1-d7c5f97d', 'original_request_id': 'client4-req1-d7c5f97d', 'worker_id': 'worker-2', 'worker_processing_time_ms': 232.42595799820265}"
client4-req2-9cd83a4d,63972.048775541,63972.648007625,599.2299170029582,True,SUCCESS,"{'data': 'Response from worker-2 to request client4-req2-9cd83a4d', 'original_request_id': 'client4-req2-9cd83a4d', 'worker_id': 'worker-2', 'worker_processing_time_ms': 190.82779200107325}"
client4-req3-af5f7067,63972.6988125,63972.957056958,258.24208300036844,True,SUCCESS,"{'data': 'Response from worker-1 to request client4-req3-af5f7067', 'original_request_id': 'client4-req3-af5f7067', 'worker_id': 'worker-1', 'worker_processing_time_ms': 61.4631249991362}"
client4-req4-08fded7e,63973.007717708,63973.994370958,986.6481669960194,True,SUCCESS,"{'data': 'Response from worker-2 to request client4-req4-08fded7e', 'original_request_id': 'client4-req4-08fded7e', 'worker_id': 'worker-2', 'worker_processing_time_ms': 184.78350000077626}"
client4-req5-f18955ab,63974.045085125,63974.131080833,85.98816599987913,True,SUCCESS,"{'data': 'Response from worker-0 to request client4-req5-f18955ab', 'original_request_id': 'client4-req5-f18955ab', 'worker_id': 'worker-0', 'worker_processing_time_ms': 83.02858300157823}"
client4-req6-abcbbe12,63974.181646333,63974.239966375,58.31666699668858,True,SUCCESS,"{'data': 'Response from worker-1 to request client4-req6-abcbbe12', 'original_request_id': 'client4-req6-abcbbe12', 'worker_id': 'worker-1', 'worker_processing_time_ms': 57.02958300389582}"
client4-req7-97c934b8,63974.291367583,63974.437352708,145.9750830035773,True,SUCCESS,"{'data': 'Response from worker-0 to request client4-req7-97c934b8', 'original_request_id': 'client4-req7-97c934b8', 'worker_id': 'worker-0', 'worker_processing_time_ms': 142.17316700523952}"
client4-req8-bb925d73,63974.48875275,63974.584573166,95.81116600020323,True,SUCCESS,"{'data': 'Response from worker-0 to request client4-req8-bb925d73', 'original_request_id': 'client4-req8-bb925d73', 'worker_id': 'worker-0', 'worker_processing_time_ms': 92.75987499859184}"
client4-req9-749500f1,63974.635260666,63974.744043208,108.77904199878685,True,SUCCESS,"{'data': 'Response from worker-0 to request client4-req9-749500f1', 'original_request_id': 'client4-req9-749500f1', 'worker_id': 'worker-0', 'worker_processing_time_ms': 106.7082500012475}"
client4-req10-4c45ea66,63974.795347166,63974.8944885,99.13791700091679,True,SUCCESS,"{'data': 'Response from worker-1 to request client4-req10-4c45ea66', 'original_request_id': 'client4-req10-4c45ea66', 'worker_id': 'worker-1', 'worker_processing_time_ms': 97.66299999319017}"
client4-req11-869bcd7f,63974.945210833,63975.044413708,99.20054199756123,True,SUCCESS,"{'data': 'Response from worker-1 to request client4-req11-869bcd7f', 'original_request_id': 'client4-req11-869bcd7f', 'worker_id': 'worker-1', 'worker_processing_time_ms': 97.97304100356996}"
client4-req12-12f5c8be,63975.0955195,63976.236081708,1140.5473749982775,True,SUCCESS,"{'data': 'Response from worker-2 to request client4-req12-12f5c8be', 'original_request_id': 'client4-req12-12f5c8be', 'worker_id': 'worker-2', 'worker_processing_time_ms': 168.05216699867742}"
client4-req13-d86dde98,63976.287432541,63976.411567916,124.12733399833087,True,SUCCESS,"{'data': 'Response from worker-1 to request client4-req13-d86dde98', 'original_request_id': 'client4-req13-d86dde98', 'worker_id': 'worker-1', 'worker_processing_time_ms': 121.80029199953424}"
client4-req14-3bc98379,63976.46258425,63977.697664791,1235.0749159959378,True,SUCCESS,"{'data': 'Response from worker-2 to request client4-req14-3bc98379', 'original_request_id': 'client4-req14-3bc98379', 'worker_id': 'worker-2', 'worker_processing_time_ms': 179.59095800324576}"
client4-req15-ddde7680,63977.748051333,63978.849160583,1101.1044999977457,True,SUCCESS,"{'data': 'Response from worker-2 to request client4-req15-ddde7680', 'original_request_id': 'client4-req15-ddde7680', 'worker_id': 'worker-2', 'worker_processing_time_ms': 199.9952080004732}"
client4-req16-060c33d1,63978.899855,63979.907953666,1008.0919999963953,True,SUCCESS,"{'data': 'Response from worker-2 to request client4-req16-060c33d1', 'original_request_id': 'client4-req16-060c33d1', 'worker_id': 'worker-2', 'worker_processing_time_ms': 181.88166699837893}"
client4-req17-f6d42595,63979.959467375,63980.071069166,111.59112499444745,True,SUCCESS,"{'data': 'Response from worker-0 to request client4-req17-f6d42595', 'original_request_id': 'client4-req17-f6d42595', 'worker_id': 'worker-0', 'worker_processing_time_ms': 108.17258399765706}"
client4-req18-5b910aed,63980.122509625,63980.201308166,78.78937500208849,True,SUCCESS,"{'data': 'Response from worker-1 to request client4-req18-5b910aed', 'original_request_id': 'client4-req18-5b910aed', 'worker_id': 'worker-1', 'worker_processing_time_ms': 73.53104100184282}"
client4-req19-850ae665,63980.252769583,63980.816933291,564.160667003307,True,SUCCESS,"{'data': 'Response from worker-2 to request client4-req19-850ae665', 'original_request_id': 'client4-req19-850ae665', 'worker_id': 'worker-2', 'worker_processing_time_ms': 202.8727919969242}"
client5-req0-4c7265c5,63971.084655583,63971.441908875,357.24512500019046,True,SUCCESS,"{'data': 'Response from worker-2 to request client5-req0-4c7265c5', 'original_request_id': 'client5-req0-4c7265c5', 'worker_id': 'worker-2', 'worker_processing_time_ms': 143.55483300460037}"
client5-req1-922dd755,63971.493285833,63971.792626833,299.33804200118175,True,SUCCESS,"{'data': 'Response from worker-0 to request client5-req1-922dd755', 'original_request_id': 'client5-req1-922dd755', 'worker_id': 'worker-0', 'worker_processing_time_ms': 64.60929099557688}"
client5-req2-3dd662f8,63971.843870416,63972.029856208,185.98229200142669,True,SUCCESS,"{'data': 'Response from worker-0 to request client5-req2-3dd662f8', 'original_request_id': 'client5-req2-3dd662f8', 'worker_id': 'worker-0', 'worker_processing_time_ms': 84.93862499744864}"
client5-req3-b22cd620,63972.081084166,63972.322478708,241.38383399986196,True,SUCCESS,"{'data': 'Response from worker-0 to request client5-req3-b22cd620', 'original_request_id': 'client5-req3-b22cd620', 'worker_id': 'worker-0', 'worker_processing_time_ms': 155.86500000063097}"
client5-req4-8304afed,63972.373602666,63973.164654,791.0460839993902,True,SUCCESS,"{'data': 'Response from worker-2 to request client5-req4-8304afed', 'original_request_id': 'client5-req4-8304afed', 'worker_id': 'worker-2', 'worker_processing_time_ms': 155.17166599602206}"
client5-req5-fe1abd0c,63973.215414166,63973.298846583,83.42483400338097,True,SUCCESS,"{'data': 'Response from worker-0 to request client5-req5-fe1abd0c', 'original_request_id': 'client5-req5-fe1abd0c', 'worker_id': 'worker-0', 'worker_processing_time_ms': 80.00404100312153}"
client5-req6-5c1f06e3,63973.350290833,63973.49198125,141.68645800236845,True,SUCCESS,"{'data': 'Response from worker-0 to request client5-req6-5c1f06e3', 'original_request_id': 'client5-req6-5c1f06e3', 'worker_id': 'worker-0', 'worker_processing_time_ms': 138.88649999717018}"
client5-req7-1348d5a5,63973.542270583,63973.63107675,88.8028330009547,True,SUCCESS,"{'data': 'Response from worker-1 to request client5-req7-1348d5a5', 'original_request_id': 'client5-req7-1348d5a5', 'worker_id': 'worker-1', 'worker_processing_time_ms': 51.465666001604404}"
client5-req8-b04b5bdd,63973.682262458,63973.757455708,75.18633300060173,True,SUCCESS,"{'data': 'Response from worker-0 to request client5-req8-b04b5bdd', 'original_request_id': 'client5-req8-b04b5bdd', 'worker_id': 'worker-0', 'worker_processing_time_ms': 73.03325000248151}"
client5-req9-64f8ae6a,63973.809052666,63974.904974958,1095.9207089981646,True,SUCCESS,"{'data': 'Response from worker-2 to request client5-req9-64f8ae6a', 'original_request_id': 'client5-req9-64f8ae6a', 'worker_id': 'worker-2', 'worker_processing_time_ms': 100.99062500376021}"
client5-req10-f9942c86,63974.9561345,63976.067266291,1111.1279579999973,True,SUCCESS,"{'data': 'Response from worker-2 to request client5-req10-f9942c86', 'original_request_id': 'client5-req10-f9942c86', 'worker_id': 'worker-2', 'worker_processing_time_ms': 178.73895799857564}"
client5-req11-ad37b8c1,63976.117730625,63976.241110333,123.36991600022884,True,SUCCESS,"{'data': 'Response from worker-1 to request client5-req11-ad37b8c1', 'original_request_id': 'client5-req11-ad37b8c1', 'worker_id': 'worker-1', 'worker_processing_time_ms': 119.57799999800045}"
client5-req12-e113fbfc,63976.291604666,63977.517369041,1225.761749999947,True,SUCCESS,"{'data': 'Response from worker-2 to request client5-req12-e113fbfc', 'original_request_id': 'client5-req12-e113fbfc', 'worker_id': 'worker-2', 'worker_processing_time_ms': 147.5675420006155}"
client5-req13-56b77af9,63977.567936416,63978.649129166,1081.1895000006189,True,SUCCESS,"{'data': 'Response from worker-2 to request client5-req13-56b77af9', 'original_request_id': 'client5-req13-56b77af9', 'worker_id': 'worker-2', 'worker_processing_time_ms': 67.32662500144215}"
client5-req14-1cd8af90,63978.7001485,63978.776976666,76.82375000149477,True,SUCCESS,"{'data': 'Response from worker-1 to request client5-req14-1cd8af90', 'original_request_id': 'client5-req14-1cd8af90', 'worker_id': 'worker-1', 'worker_processing_time_ms': 75.26087499718415}"
client5-req15-840fc3d1,63978.828270583,63978.895672208,67.39300000481308,True,SUCCESS,"{'data': 'Response from worker-0 to request client5-req15-840fc3d1', 'original_request_id': 'client5-req15-840fc3d1', 'worker_id': 'worker-0', 'worker_processing_time_ms': 63.9432499956456}"
client5-req16-f2923117,63978.947289666,63979.075221041,127.92012499994598,True,SUCCESS,"{'data': 'Response from worker-0 to request client5-req16-f2923117', 'original_request_id': 'client5-req16-f2923117', 'worker_id': 'worker-0', 'worker_processing_time_ms': 123.82912499742815}"
client5-req17-c313cb86,63979.126311083,63979.269151583,142.83887500641868,True,SUCCESS,"{'data': 'Response from worker-1 to request client5-req17-c313cb86', 'original_request_id': 'client5-req17-c313cb86', 'worker_id': 'worker-1', 'worker_processing_time_ms': 106.15824999695178}"
client5-req18-c807df13,63979.32030325,63980.330180375,1009.8662499949569,True,SUCCESS,"{'data': 'Response from worker-2 to request client5-req18-c807df13', 'original_request_id': 'client5-req18-c807df13', 'worker_id': 'worker-2', 'worker_processing_time_ms': 127.79458399745636}"
client5-req19-379d8aed,63980.381610458,63980.538791541,157.17345800658222,True,SUCCESS,"{'data': 'Response from worker-1 to request client5-req19-379d8aed', 'original_request_id': 'client5-req19-379d8aed', 'worker_id': 'worker-1', 'worker_processing_time_ms': 153.51616599946283}"
client6-req0-5bcf3899,63971.084759666,63971.47494375,390.17845899797976,True,SUCCESS,"{'data': 'Response from worker-0 to request client6-req0-5bcf3899', 'original_request_id': 'client6-req0-5bcf3899', 'worker_id': 'worker-0', 'worker_processing_time_ms': 109.16695800551679}"
client6-req1-8c4c49c8,63971.525072916,63972.091215,566.1375839990797,True,SUCCESS,"{'data': 'Response from worker-2 to request client6-req1-8c4c49c8', 'original_request_id': 'client6-req1-8c4c49c8', 'worker_id': 'worker-2', 'worker_processing_time_ms': 93.63862499594688}"
client6-req2-aacdd846,63972.142044833,63972.792962458,650.9155419989838,True,SUCCESS,"{'data': 'Response from worker-2 to request client6-req2-aacdd846', 'original_request_id': 'client6-req2-aacdd846', 'worker_id': 'worker-2', 'worker_processing_time_ms': 144.86283300357172}"
client6-req3-aa632340,63972.844260291,63973.110459041,266.1950839974452,True,SUCCESS,"{'data': 'Response from worker-1 to request client6-req3-aa632340', 'original_request_id': 'client6-req3-aa632340', 'worker_id': 'worker-1', 'worker_processing_time_ms': 153.23329199600266}"
client6-req4-80f5b64e,63973.160733208,63974.128417041,967.6803330003168,True,SUCCESS,"{'data': 'Response from worker-2 to request client6-req4-80f5b64e', 'original_request_id': 'client6-req4-80f5b64e', 'worker_id': 'worker-2', 'worker_processing_time_ms': 130.79874999675667}"
client6-req5-925e212c,63974.179726166,63974.259235041,79.50587499362882,True,SUCCESS,"{'data': 'Response from worker-0 to request client6-req5-925e212c', 'original_request_id': 'client6-req5-925e212c', 'worker_id': 'worker-0', 'worker_processing_time_ms': 76.52054099889938}"
client6-req6-1027cf54,63974.309620333,63974.49077775,181.15141700400272,True,SUCCESS,"{'data': 'Response from worker-1 to request client6-req6-1027cf54', 'original_request_id': 'client6-req6-1027cf54', 'worker_id': 'worker-1', 'worker_processing_time_ms': 178.57137499959208}"
client6-req7-f5ab7f84,63974.542256916,63975.6246105,1082.3457919977955,True,SUCCESS,"{'data': 'Response from worker-2 to request client6-req7-f5ab7f84', 'original_request_id': 'client6-req7-f5ab7f84', 'worker_id': 'worker-2', 'worker_processing_time_ms': 114.94808399584144}"
client6-req8-f9589af5,63975.675925375,63975.752952166,77.02462500310503,True,SUCCESS,"{'data': 'Response from worker-1 to request client6-req8-f9589af5', 'original_request_id': 'client6-req8-f9589af5', 'worker_id': 'worker-1', 'worker_processing_time_ms': 75.66445900010876}"
client6-req9-622ad756,63975.803949833,63975.869191458,65.23687499429798,True,SUCCESS,"{'data': 'Response from worker-0 to request client6-req9-622ad756', 'original_request_id': 'client6-req9-622ad756', 'worker_id': 'worker-0', 'worker_processing_time_ms': 63.86345799546689}"
client6-req10-e90d4ce0,63975.920224,63975.974399416,54.171457995835226,True,SUCCESS,"{'data': 'Response from worker-0 to request client6-req10-e90d4ce0', 'original_request_id': 'client6-req10-e90d4ce0', 'worker_id': 'worker-0', 'worker_processing_time_ms': 52.80379099713173}"
client6-req11-db28176d,63976.025840208,63976.130277166,104.43074999784585,True,SUCCESS,"{'data': 'Response from worker-0 to request client6-req11-db28176d', 'original_request_id': 'client6-req11-db28176d', 'worker_id': 'worker-0', 'worker_processing_time_ms': 99.63779200188583}"
client6-req12-5d1de3cd,63976.180848625,63976.32482475,143.96958299766993,True,SUCCESS,"{'data': 'Response from worker-0 to request client6-req12-5d1de3cd', 'original_request_id': 'client6-req12-5d1de3cd', 'worker_id': 'worker-0', 'worker_processing_time_ms': 141.87983300507767}"
client6-req13-75abef95,63976.376179,63976.51970925,143.5208330003661,True,SUCCESS,"{'data': 'Response from worker-0 to request client6-req13-75abef95', 'original_request_id': 'client6-req13-75abef95', 'worker_id': 'worker-0', 'worker_processing_time_ms': 140.8393329984392}"
client6-req14-bc3df313,63976.571226583,63976.622937208,51.705332996789366,True,SUCCESS,"{'data': 'Response from worker-0 to request client6-req14-bc3df313', 'original_request_id': 'client6-req14-bc3df313', 'worker_id': 'worker-0', 'worker_processing_time_ms': 47.92191599699436}"
client6-req15-7dce4e72,63976.6741595,63976.751336875,77.16500000242377,True,SUCCESS,"{'data': 'Response from worker-0 to request client6-req15-7dce4e72', 'original_request_id': 'client6-req15-7dce4e72', 'worker_id': 'worker-0', 'worker_processing_time_ms': 73.10258300276473}"
client6-req16-48cc98a3,63976.802590416,63976.968363083,165.76666699984344,True,SUCCESS,"{'data': 'Response from worker-1 to request client6-req16-48cc98a3', 'original_request_id': 'client6-req16-48cc98a3', 'worker_id': 'worker-1', 'worker_processing_time_ms': 161.12279100343585}"
client6-req17-a26d7ee0,63977.019569416,63978.151500666,1131.9277090005926,True,SUCCESS,"{'data': 'Response from worker-2 to request client6-req17-a26d7ee0', 'original_request_id': 'client6-req17-a26d7ee0', 'worker_id': 'worker-2', 'worker_processing_time_ms': 142.96825000201352}"
client6-req18-da59cddd,63978.203684916,63979.010970541,807.2813340040739,True,SUCCESS,"{'data': 'Response from worker-2 to request client6-req18-da59cddd', 'original_request_id': 'client6-req18-da59cddd', 'worker_id': 'worker-2', 'worker_processing_time_ms': 94.92820799641777}"
client6-req19-ec1d3161,63979.062542,63980.030914208,968.3628749990021,True,SUCCESS,"{'data': 'Response from worker-2 to request client6-req19-ec1d3161', 'original_request_id': 'client6-req19-ec1d3161', 'worker_id': 'worker-2', 'worker_processing_time_ms': 122.25754199607763}"
client7-req0-eee7501c,63971.084858583,63971.472608625,387.73933299671626,True,SUCCESS,"{'data': 'Response from worker-1 to request client7-req0-eee7501c', 'original_request_id': 'client7-req0-eee7501c', 'worker_id': 'worker-1', 'worker_processing_time_ms': 106.27545800525695}"
client7-req1-c1db61b6,63971.523991541,63971.859068958,335.0748750017374,True,SUCCESS,"{'data': 'Response from worker-1 to request client7-req1-c1db61b6', 'original_request_id': 'client7-req1-c1db61b6', 'worker_id': 'worker-1', 'worker_processing_time_ms': 151.11116699699778}"
client7-req2-c0990ecf,63971.909878625,63972.457348916,547.4652079938096,True,SUCCESS,"{'data': 'Response from worker-2 to request client7-req2-c0990ecf', 'original_request_id': 'client7-req2-c0990ecf', 'worker_id': 'worker-2', 'worker_processing_time_ms': 158.10945900011575}"
client7-req3-c85b25ca,63972.508534416,63973.361020541,852.4763339955825,True,SUCCESS,"{'data': 'Response from worker-2 to request client7-req3-c85b25ca', 'original_request_id': 'client7-req3-c85b25ca', 'worker_id': 'worker-2', 'worker_processing_time_ms': 195.61899999825982}"
client7-req4-7fc747d3,63973.411522125,63974.4576385,1046.1090409953613,True,SUCCESS,"{'data': 'Response from worker-2 to request client7-req4-7fc747d3', 'original_request_id': 'client7-req4-7fc747d3', 'worker_id': 'worker-2', 'worker_processing_time_ms': 106.68354199879104}"
client7-req5-0f0d7a7e,63974.50883825,63974.631334958,122.48733299929881,True,SUCCESS,"{'data': 'Response from worker-1 to request client7-req5-0f0d7a7e', 'original_request_id': 'client7-req5-0f0d7a7e', 'worker_id': 'worker-1', 'worker_processing_time_ms': 120.80891599907773}"
client7-req6-bd39774b,63974.682623333,63975.761765208,1079.1396249987883,True,SUCCESS,"{'data': 'Response from worker-2 to request client7-req6-bd39774b', 'original_request_id': 'client7-req6-bd39774b', 'worker_id': 'worker-2', 'worker_processing_time_ms': 138.01591700030258}"
client7-req7-f6eb8012,63975.812714791,63975.921126791,108.40879200259224,True,SUCCESS,"{'data': 'Response from worker-1 to request client7-req7-f6eb8012', 'original_request_id': 'client7-req7-f6eb8012', 'worker_id': 'worker-1', 'worker_processing_time_ms': 106.92145799839636}"
client7-req8-ab93e25e,63975.972414791,63977.166438208,1194.0217090013903,True,SUCCESS,"{'data': 'Response from worker-2 to request client7-req8-ab93e25e', 'original_request_id': 'client7-req8-ab93e25e', 'worker_id': 'worker-2', 'worker_processing_time_ms': 175.10345800110372}"
client7-req9-1922557c,63977.217545666,63977.332216875,114.669334005157,True,SUCCESS,"{'data': 'Response from worker-1 to request client7-req9-1922557c', 'original_request_id': 'client7-req9-1922557c', 'worker_id': 'worker-1', 'worker_processing_time_ms': 100.08483300043736}"
client7-req10-3c0edbd6,63977.383329375,63977.520150625,136.81850000284612,True,SUCCESS,"{'data': 'Response from worker-1 to request client7-req10-3c0edbd6', 'original_request_id': 'client7-req10-3c0edbd6', 'worker_id': 'worker-1', 'worker_processing_time_ms': 135.82420899911085}"
client7-req11-3b2ae17a,63977.570468041,63977.679965166,109.48908400314394,True,SUCCESS,"{'data': 'Response from worker-0 to request client7-req11-3b2ae17a', 'original_request_id': 'client7-req11-3b2ae17a', 'worker_id': 'worker-0', 'worker_processing_time_ms': 106.53124999953434}"
client7-req12-186a794d,63977.736472333,63977.832794708,96.31712499685818,True,SUCCESS,"{'data': 'Response from worker-1 to request client7-req12-186a794d', 'original_request_id': 'client7-req12-186a794d', 'worker_id': 'worker-1', 'worker_processing_time_ms': 83.98454100097297}"
client7-req13-4f5d728f,63977.883757083,63978.045547333,161.7855000004056,True,SUCCESS,"{'data': 'Response from worker-0 to request client7-req13-4f5d728f', 'original_request_id': 'client7-req13-4f5d728f', 'worker_id': 'worker-0', 'worker_processing_time_ms': 159.90716599480947}"
client7-req14-4d4d26c9,63978.097175291,63978.165936291,68.75791700440459,True,SUCCESS,"{'data': 'Response from worker-0 to request client7-req14-4d4d26c9', 'original_request_id': 'client7-req14-4d4d26c9', 'worker_id': 'worker-0', 'worker_processing_time_ms': 66.50204199831933}"
client7-req15-b0ed5340,63978.217720583,63978.305143083,87.41566699609393,True,SUCCESS,"{'data': 'Response from worker-0 to request client7-req15-b0ed5340', 'original_request_id': 'client7-req15-b0ed5340', 'worker_id': 'worker-0', 'worker_processing_time_ms': 85.01379099470796}"
client7-req16-61ca01be,63978.356289916,63978.427131166,70.83762499678414,True,SUCCESS,"{'data': 'Response from worker-0 to request client7-req16-61ca01be', 'original_request_id': 'client7-req16-61ca01be', 'worker_id': 'worker-0', 'worker_processing_time_ms': 69.34191700565862}"
client7-req17-d2ed2591,63978.478713375,63979.455759916,977.0435000027646,True,SUCCESS,"{'data': 'Response from worker-2 to request client7-req17-d2ed2591', 'original_request_id': 'client7-req17-d2ed2591', 'worker_id': 'worker-2', 'worker_processing_time_ms': 208.21158399485284}"
client7-req18-c2762bdc,63979.5068995,63979.655463375,148.55550000356743,True,SUCCESS,"{'data': 'Response from worker-1 to request client7-req18-c2762bdc', 'original_request_id': 'client7-req18-c2762bdc', 'worker_id': 'worker-1', 'worker_processing_time_ms': 147.05983299791114}"
client7-req19-99e18084,63979.706961125,63979.822722,115.75162500230363,True,SUCCESS,"{'data': 'Response from worker-0 to request client7-req19-99e18084', 'original_request_id': 'client7-req19-99e18084', 'worker_id': 'worker-0', 'worker_processing_time_ms': 112.19070799415931}"
client8-req0-dfe24374,63971.084953,63971.605436666,520.4741660054424,True,SUCCESS,"{'data': 'Response from worker-2 to request client8-req0-dfe24374', 'original_request_id': 'client8-req0-dfe24374', 'worker_id': 'worker-2', 'worker_processing_time_ms': 162.11129099974642}"
client8-req1-4e244dfc,63971.656806833,63971.851488708,194.67887499922654,True,SUCCESS,"{'data': 'Response from worker-0 to request client8-req1-4e244dfc', 'original_request_id': 'client8-req1-4e244dfc', 'worker_id': 'worker-0', 'worker_processing_time_ms': 58.816042001126334}"
client8-req2-6c588224,63971.902879,63972.109484166,206.6022500002873,True,SUCCESS,"{'data': 'Response from worker-1 to request client8-req2-6c588224', 'original_request_id': 'client8-req2-6c588224', 'worker_id': 'worker-1', 'worker_processing_time_ms': 78.12579200253822}"
client8-req3-cfa740ab,63972.160463291,63972.441464041,280.9964170010062,True,SUCCESS,"{'data': 'Response from worker-0 to request client8-req3-cfa740ab', 'original_request_id': 'client8-req3-cfa740ab', 'worker_id': 'worker-0', 'worker_processing_time_ms': 119.54616699949838}"
client8-req4-ab149e13,63972.491645166,63972.72868025,237.03166699851863,True,SUCCESS,"{'data': 'Response from worker-1 to request client8-req4-ab149e13', 'original_request_id': 'client8-req4-ab149e13', 'worker_id': 'worker-1', 'worker_processing_time_ms': 101.06837499915855}"
client8-req5-e7d7bdf3,63972.779382166,63972.950494166,171.10895899531897,True,SUCCESS,"{'data': 'Response from worker-0 to request client8-req5-e7d7bdf3', 'original_request_id': 'client8-req5-e7d7bdf3', 'worker_id': 'worker-0', 'worker_processing_time_ms': 85.1500839999062}"
client8-req6-5986f0cc,63973.001669333,63973.256710458,255.0351669997326,True,SUCCESS,"{'data': 'Response from worker-1 to request client8-req6-5986f0cc', 'original_request_id': 'client8-req6-5986f0cc', 'worker_id': 'worker-1', 'worker_processing_time_ms': 145.64333299495047}"
client8-req7-b2ac09c9,63973.308003791,63974.3503055,1042.2982090021833,True,SUCCESS,"{'data': 'Response from worker-2 to request client8-req7-b2ac09c9', 'original_request_id': 'client8-req7-b2ac09c9', 'worker_id': 'worker-2', 'worker_processing_time_ms': 224.51925000495976}"
client8-req8-e7a95309,63974.401762958,63975.50860575,1106.8367500047316,True,SUCCESS,"{'data': 'Response from worker-2 to request client8-req8-e7a95309', 'original_request_id': 'client8-req8-e7a95309', 'worker_id': 'worker-2', 'worker_processing_time_ms': 209.4971250044182}"
client8-req9-4c377449,63975.55992375,63976.809512791,1249.58229099866,True,SUCCESS,"{'data': 'Response from worker-2 to request client8-req9-4c377449', 'original_request_id': 'client8-req9-4c377449', 'worker_id': 'worker-2', 'worker_processing_time_ms': 194.95616600033827}"
client8-req10-6fb07e60,63976.859776875,63976.982800291,123.02008300321177,True,SUCCESS,"{'data': 'Response from worker-0 to request client8-req10-6fb07e60', 'original_request_id': 'client8-req10-6fb07e60', 'worker_id': 'worker-0', 'worker_processing_time_ms': 120.62833399977535}"
client8-req11-abcdc829,63977.033764916,63977.089482458,55.715750000672415,True,SUCCESS,"{'data': 'Response from worker-0 to request client8-req11-abcdc829', 'original_request_id': 'client8-req11-abcdc829', 'worker_id': 'worker-0', 'worker_processing_time_ms': 54.581832999247126}"
client8-req12-4973c225,63977.140617208,63977.230445291,89.82579199800966,True,SUCCESS,"{'data': 'Response from worker-0 to request client8-req12-4973c225', 'original_request_id': 'client8-req12-4973c225', 'worker_id': 'worker-0', 'worker_processing_time_ms': 88.91983299690764}"
client8-req13-07e6f479,63977.281565125,63978.342171958,1060.6035000018892,True,SUCCESS,"{'data': 'Response from worker-2 to request client8-req13-07e6f479', 'original_request_id': 'client8-req13-07e6f479', 'worker_id': 'worker-2', 'worker_processing_time_ms': 83.51287500408944}"
client8-req14-6e263a78,63978.393381541,63978.639240708,245.8535000041593,True,SUCCESS,"{'data': 'Response from worker-1 to request client8-req14-6e263a78', 'original_request_id': 'client8-req14-6e263a78', 'worker_id': 'worker-1', 'worker_processing_time_ms': 146.40433300519362}"
client8-req15-5b2257d6,63978.690181916,63978.817227083,127.03029200201854,True,SUCCESS,"{'data': 'Response from worker-0 to request client8-req15-5b2257d6', 'original_request_id': 'client8-req15-5b2257d6', 'worker_id': 'worker-0', 'worker_processing_time_ms': 124.10729200200876}"
client8-req16-a659b14e,63978.868802708,63979.065995833,197.18562500202097,True,SUCCESS,"{'data': 'Response from worker-1 to request client8-req16-a659b14e', 'original_request_id': 'client8-req16-a659b14e', 'worker_id': 'worker-1', 'worker_processing_time_ms': 192.34516699361848}"
client8-req17-bcf4e355,63979.117525833,63979.250081291,132.55400000343798,True,SUCCESS,"{'data': 'Response from worker-0 to request client8-req17-bcf4e355', 'original_request_id': 'client8-req17-bcf4e355', 'worker_id': 'worker-0', 'worker_processing_time_ms': 130.04874999751337}"
client8-req18-5eb89964,63979.300297875,63979.459220166,158.92029099632055,True,SUCCESS,"{'data': 'Response from worker-1 to request client8-req18-5eb89964', 'original_request_id': 'client8-req18-5eb89964', 'worker_id': 'worker-1', 'worker_processing_time_ms': 158.16354200069327}"
client8-req19-96cc98e4,63979.509662083,63980.398925875,889.25908300007,True,SUCCESS,"{'data': 'Response from worker-2 to request client8-req19-96cc98e4', 'original_request_id': 'client8-req19-96cc98e4', 'worker_id': 'worker-2', 'worker_processing_time_ms': 69.59958299557911}"
client9-req0-08c36dde,63971.085192333,63971.629747125,544.5499580018804,True,SUCCESS,"{'data': 'Response from worker-0 to request client9-req0-08c36dde', 'original_request_id': 'client9-req0-08c36dde', 'worker_id': 'worker-0', 'worker_processing_time_ms': 154.25875000073574}"
client9-req1-e03f3b19,63971.681032,63971.981090833,300.0509159974172,True,SUCCESS,"{'data': 'Response from worker-1 to request client9-req1-e03f3b19', 'original_request_id': 'client9-req1-e03f3b19', 'worker_id': 'worker-1', 'worker_processing_time_ms': 120.92804199346574}"
client9-req2-3db14370,63972.031190583,63972.274365375,243.1710419987212,True,SUCCESS,"{'data': 'Response from worker-1 to request client9-req2-3db14370', 'original_request_id': 'client9-req2-3db14370', 'worker_id': 'worker-1', 'worker_processing_time_ms': 164.54779200284975}"
client9-req3-d5a1fe85,63972.324988666,63972.490865458,165.87354199873516,True,SUCCESS,"{'data': 'Response from worker-0 to request client9-req3-d5a1fe85', 'original_request_id': 'client9-req3-d5a1fe85', 'worker_id': 'worker-0', 'worker_processing_time_ms': 49.48291699838592}"
client9-req4-f40516c0,63972.541403583,63972.895535541,354.1301249933895,True,SUCCESS,"{'data': 'Response from worker-1 to request client9-req4-f40516c0', 'original_request_id': 'client9-req4-f40516c0', 'worker_id': 'worker-1', 'worker_processing_time_ms': 166.89295800460968}"
client9-req5-21cb6cd6,63972.946730125,63973.10165875,154.9245830028667,True,SUCCESS,"{'data': 'Response from worker-0 to request client9-req5-21cb6cd6', 'original_request_id': 'client9-req5-21cb6cd6', 'worker_id': 'worker-0', 'worker_processing_time_ms': 150.67395900405245}"
client9-req6-c87060db,63973.153191833,63973.33829825,185.09562499821186,True,SUCCESS,"{'data': 'Response from worker-1 to request client9-req6-c87060db', 'original_request_id': 'client9-req6-c87060db', 'worker_id': 'worker-1', 'worker_processing_time_ms': 81.14920800289838}"
client9-req7-0ee40f71,63973.389222625,63973.579142791,189.9169999960577,True,SUCCESS,"{'data': 'Response from worker-1 to request client9-req7-0ee40f71', 'original_request_id': 'client9-req7-0ee40f71', 'worker_id': 'worker-1', 'worker_processing_time_ms': 167.11720799503382}"
client9-req8-22dff414,63973.629551375,63973.824715541,195.158624999749,True,SUCCESS,"{'data': 'Response from worker-1 to request client9-req8-22dff414', 'original_request_id': 'client9-req8-22dff414', 'worker_id': 'worker-1', 'worker_processing_time_ms': 192.5899580019177}"
client9-req9-3175f88e,63973.876136416,63974.071644416,195.50375000108033,True,SUCCESS,"{'data': 'Response from worker-1 to request client9-req9-3175f88e', 'original_request_id': 'client9-req9-3175f88e', 'worker_id': 'worker-1', 'worker_processing_time_ms': 58.341249998193234}"
client9-req10-51560135,63974.123827666,63975.206842208,1083.0122920015128,True,SUCCESS,"{'data': 'Response from worker-2 to request client9-req10-51560135', 'original_request_id': 'client9-req10-51560135', 'worker_id': 'worker-2', 'worker_processing_time_ms': 238.54791600024328}"
client9-req11-de2586c3,63975.258557291,63976.402300041,1143.7384169985307,True,SUCCESS,"{'data': 'Response from worker-2 to request client9-req11-de2586c3', 'original_request_id': 'client9-req11-de2586c3', 'worker_id': 'worker-2', 'worker_processing_time_ms': 166.68987499724608}"
client9-req12-7d8f25bc,63976.453667791,63976.608854958,155.17800000088755,True,SUCCESS,"{'data': 'Response from worker-1 to request client9-req12-7d8f25bc', 'original_request_id': 'client9-req12-7d8f25bc', 'worker_id': 'worker-1', 'worker_processing_time_ms': 152.29950000502868}"
client9-req13-9ac31b3e,63976.660240083,63976.805857583,145.60949999577133,True,SUCCESS,"{'data': 'Response from worker-1 to request client9-req13-9ac31b3e', 'original_request_id': 'client9-req13-9ac31b3e', 'worker_id': 'worker-1', 'worker_processing_time_ms': 140.9784999996191}"
client9-req14-7991b65e,63976.857126041,63978.009601333,1152.4474589969032,True,SUCCESS,"{'data': 'Response from worker-2 to request client9-req14-7991b65e', 'original_request_id': 'client9-req14-7991b65e', 'worker_id': 'worker-2', 'worker_processing_time_ms': 135.96029099426232}"
client9-req15-142a231d,63978.061054125,63978.915665375,854.6078750005108,True,SUCCESS,"{'data': 'Response from worker-2 to request client9-req15-142a231d', 'original_request_id': 'client9-req15-142a231d', 'worker_id': 'worker-2', 'worker_processing_time_ms': 66.45979200402508}"
client9-req16-e7871ddb,63978.966957583,63979.162976166,196.0128330028965,True,SUCCESS,"{'data': 'Response from worker-1 to request client9-req16-e7871ddb', 'original_request_id': 'client9-req16-e7871ddb', 'worker_id': 'worker-1', 'worker_processing_time_ms': 98.97720799926901}"
client9-req17-9947c014,63979.214211583,63980.202798291,988.5794170040754,True,SUCCESS,"{'data': 'Response from worker-2 to request client9-req17-9947c014', 'original_request_id': 'client9-req17-9947c014', 'worker_id': 'worker-2', 'worker_processing_time_ms': 170.42450000008103}"
client9-req18-b2b00564,63980.254245125,63980.398644708,144.39270800357917,True,SUCCESS,"{'data': 'Response from worker-0 to request client9-req18-b2b00564', 'original_request_id': 'client9-req18-b2b00564', 'worker_id': 'worker-0', 'worker_processing_time_ms': 140.86287499958416}"
client9-req19-6529fd21,63980.450154458,63980.880390375,430.23079200065695,True,SUCCESS,"{'data': 'Response from worker-2 to request client9-req19-6529fd21', 'original_request_id': 'client9-req19-6529fd21', 'worker_id': 'worker-2', 'worker_processing_time_ms': 63.211874999979045}"
